Elevation,H,D,E,Y
3.44488189,59.08333333,138,2.90E+07,32000
3.379265092,,,,
3.412073491,,,,
3.215223097,,,,
3.083989501,,,,
3.083989501,,,,
3.215223097,,,,
3.412073491,,,,
3.477690289,,,,
3.494094488,,,,
3.576115486,,,,
3.674540682,,,,
3.576115486,,,,
3.477690289,,,,
